Id,ActivityDate,TotalSteps,TotalDistance,Calories,VeryActiveMinutes,FairlyActiveMinutes,LightlyActiveMinutes,SedentaryMinutes,TotalSleepRecords,TotalMinutesAsleep,TotalTimeInBed
1503960366,2016-04-12,13162,8.5,1985,25,13,328,728,1,327,346
1503960366,2016-04-13,10735,6.9699997901916504,1797,21,19,217,776,2,384,407
1503960366,2016-04-15,9762,6.2800002098083496,1745,29,34,209,726,1,412,442
1503960366,2016-04-16,12669,8.1599998474121094,1863,36,10,221,773,2,340,367
1503960366,2016-04-17,9705,6.4800000190734863,1728,38,20,164,539,1,700,712
1503960366,2016-04-19,15506,9.880000114440918,2035,50,31,264,775,1,304,320
1503960366,2016-04-20,10544,6.679999828338623,1786,28,12,205,818,1,360,377
1503960366,2016-04-21,9819,6.3400001525878906,1775,19,8,211,838,1,325,364
1503960366,2016-04-23,14371,9.0399999618530273,1949,41,21,262,732,1,361,384
1503960366,2016-04-24,10039,6.4099998474121094,1788,39,5,238,709,1,430,449
1503960366,2016-04-25,15355,9.8000001907348633,2013,73,14,216,814,1,277,323
1503960366,2016-04-26,13755,8.7899999618530273,1970,31,23,279,833,1,245,274
1503960366,2016-04-28,13154,8.5299997329711914,1898,48,28,189,782,1,366,393
1503960366,2016-04-29,11181,7.1500000953674316,1837,16,12,243,815,1,341,354
1503960366,2016-04-30,14673,9.25,1947,52,34,217,712,1,404,425
1503960366,2016-05-01,10602,6.809999942779541,1820,33,35,246,730,1,369,396
1503960366,2016-05-02,14727,9.7100000381469727,2004,41,15,277,798,1,277,309
1503960366,2016-05-03,15103,9.6599998474121094,1990,50,24,254,816,1,273,296
1503960366,2016-05-05,14070,8.8999996185302734,1959,45,24,250,857,1,247,264
1503960366,2016-05-06,12159,8.0299997329711914,1896,24,6,289,754,1,334,367
1503960366,2016-05-07,11992,7.7100000381469727,1821,37,46,175,833,1,331,349
1503960366,2016-05-08,10060,6.5799999237060547,1740,44,8,203,574,1,594,611
1503960366,2016-05-09,12022,7.7199997901916504,1819,46,11,206,835,1,338,342
1503960366,2016-05-10,12207,7.7699999809265137,1859,46,31,214,746,1,383,403
1503960366,2016-05-11,12770,8.130000114440918,1783,36,23,251,669,1,285,306
1644430081,2016-04-29,3176,2.309999942779541,2498,0,0,120,1193,1,119,127
1644430081,2016-04-30,18213,13.239999771118164,3846,9,71,402,816,1,124,142
1644430081,2016-05-02,3758,2.7300000190734863,2580,1,7,148,682,1,796,961
1644430081,2016-05-08,6724,4.8899998664855957,2987,0,0,295,991,1,137,154
1844505072,2016-04-15,3844,2.5399999618530273,1725,0,0,176,527,1,644,961
1844505072,2016-04-30,4014,2.6700000762939453,1763,0,0,184,218,1,722,961
1844505072,2016-05-01,2573,1.7000000476837158,1541,0,7,75,585,1,590,961
1927972279,2016-04-12,678,0.4699999988079071,2220,0,0,55,734,3,750,775
1927972279,2016-04-13,356,0.25,2151,0,0,32,986,1,398,422
1927972279,2016-04-15,980,0.68000000715255737,2221,0,0,51,941,2,475,499
1927972279,2016-04-26,3761,2.5999999046325684,2638,0,0,192,1058,1,296,315
1927972279,2016-04-28,1675,1.1599999666213989,2351,0,0,95,1167,1,166,178
2026352035,2016-04-12,4414,2.7400000095367432,1459,3,8,181,706,1,503,546
2026352035,2016-04-13,4993,3.0999999046325684,1521,0,0,238,663,1,531,565
2026352035,2016-04-14,3335,2.0699999332427979,1431,0,0,197,653,1,545,568
2026352035,2016-04-15,3821,2.369999885559082,1444,0,0,188,687,1,523,573
2026352035,2016-04-16,2547,1.5800000429153442,1373,0,0,150,728,1,524,567
2026352035,2016-04-17,838,0.51999998092651367,1214,0,0,60,1053,1,437,498
2026352035,2016-04-19,2424,1.5,1356,0,0,141,785,1,498,540
2026352035,2016-04-20,7222,4.4800000190734863,1667,0,0,327,623,1,461,510
2026352035,2016-04-21,2467,1.5299999713897705,1370,0,0,153,749,1,477,514
2026352035,2016-04-22,2915,1.809999942779541,1399,0,0,162,712,1,520,545
2026352035,2016-04-23,12357,7.7100000381469727,1916,0,0,432,458,1,522,554
2026352035,2016-04-24,3490,2.1600000858306885,1401,0,0,164,704,1,555,591
2026352035,2016-04-25,6017,3.7300000190734863,1576,0,0,260,821,1,506,531
2026352035,2016-04-27,6088,3.7699999809265137,1593,0,0,286,586,1,508,545
2026352035,2016-04-28,6375,3.9500000476837158,1649,0,0,331,626,1,513,545
2026352035,2016-04-29,7604,4.7100000381469727,1692,0,0,352,492,1,490,510
2026352035,2016-04-30,4729,2.9300000667572021,1506,0,0,233,594,1,573,607
2026352035,2016-05-01,3609,2.2799999713897705,1447,0,0,191,716,1,527,546
2026352035,2016-05-02,7018,4.3499999046325684,1690,0,0,355,716,1,511,543
2026352035,2016-05-04,6564,4.070000171661377,1658,0,0,345,530,1,538,560
2026352035,2016-05-05,12167,7.5399999618530273,1926,0,0,475,479,1,468,485
2026352035,2016-05-06,8198,5.0799999237060547,1736,0,0,383,511,1,524,548
2026352035,2016-05-07,4193,2.5999999046325684,1491,0,0,229,665,1,511,521
2026352035,2016-05-08,5528,3.4500000476837158,1555,0,0,258,610,1,541,568
2026352035,2016-05-09,10685,6.619999885559082,1869,0,0,401,543,1,531,556
2026352035,2016-05-10,254,0.15999999642372131,1141,0,0,17,1002,1,357,380
2026352035,2016-05-11,8580,5.320000171661377,1698,0,0,330,569,1,523,553
2026352035,2016-05-12,8891,5.5100002288818359,1364,0,0,343,330,1,456,485
2320127002,2016-04-23,5079,3.4200000762939453,1804,0,0,242,1129,1,61,69
2347167796,2016-04-13,10352,7.0100002288818359,2038,19,32,195,676,1,467,531
2347167796,2016-04-14,10129,6.6999998092651367,2010,1,48,206,705,1,445,489
2347167796,2016-04-15,10465,6.9200000762939453,2133,1,24,284,720,1,452,504
2347167796,2016-04-17,5472,3.619999885559082,1882,1,7,249,508,1,556,602
2347167796,2016-04-18,8247,5.4499998092651367,1944,11,16,206,678,1,500,557
2347167796,2016-04-19,6711,4.440000057220459,2346,0,7,382,648,1,465,514
2347167796,2016-04-21,10080,6.75,2048,23,26,208,761,1,460,484
2347167796,2016-04-22,7804,5.1599998474121094,1946,9,27,206,781,1,405,461
2347167796,2016-04-23,16901,11.369999885559082,2629,32,35,360,591,1,374,386
2347167796,2016-04-24,9471,6.2600002288818359,2187,0,0,360,584,1,442,459
2347167796,2016-04-25,9482,6.380000114440918,2095,15,11,277,653,1,433,471
2347167796,2016-04-26,5980,3.9500000476837158,1861,0,0,227,732,1,436,490
2347167796,2016-04-27,11423,7.5799999237060547,2194,26,9,295,623,1,448,499
2347167796,2016-04-28,5439,3.5999999046325684,1854,0,0,229,764,1,408,450
2347167796,2016-04-29,42,2.9999999329447746E-2,403,0,0,4,2,1,411,473
3977333714,2016-04-12,8856,5.9800000190734863,1450,44,19,131,777,1,274,469
3977333714,2016-04-13,10035,6.7100000381469727,1495,31,46,153,754,2,295,456
3977333714,2016-04-14,7641,5.1100001335144043,1433,5,23,214,801,1,291,397
3977333714,2016-04-15,9010,6.059999942779541,1468,15,42,183,644,1,424,556
3977333714,2016-04-16,13459,9,1625,31,83,153,663,1,283,510
3977333714,2016-04-17,10415,6.9699997901916504,1529,11,58,205,600,1,381,566
3977333714,2016-04-18,11663,7.8000001907348633,1584,4,95,214,605,2,412,522
3977333714,2016-04-19,12414,8.7799997329711914,1638,19,67,221,738,1,219,395
3977333714,2016-04-20,11658,7.8299999237060547,1554,2,98,164,845,2,152,305
3977333714,2016-04-21,6093,4.0799999237060547,1397,0,0,242,712,1,332,512
3977333714,2016-04-22,8911,5.9600000381469727,1481,33,12,188,731,1,355,476
3977333714,2016-04-23,12058,8.0699996948242188,1638,0,92,252,724,1,235,372
3977333714,2016-04-24,14112,10,1655,30,95,129,660,1,310,526
3977333714,2016-04-25,11177,8.4799995422363281,1570,50,9,133,781,1,262,467
3977333714,2016-04-26,11388,7.619999885559082,1551,7,95,170,797,1,250,371
3977333714,2016-04-27,7193,5.0399999618530273,1377,0,10,176,714,1,349,540
3977333714,2016-04-28,7114,4.880000114440918,1407,15,8,190,804,1,261,423
3977333714,2016-04-29,10645,7.75,1545,36,32,150,744,1,333,478
3977333714,2016-04-30,13238,9.1999998092651367,1650,43,52,194,687,1,237,382
3977333714,2016-05-01,10414,7.070000171661377,1501,41,40,124,691,1,383,626
3977333714,2016-05-02,16520,11.050000190734863,1760,24,143,176,713,1,230,384
3977333714,2016-05-03,14335,9.5900001525878906,1710,47,41,258,594,1,292,500
3977333714,2016-05-04,13559,9.4399995803833008,1628,14,96,142,852,1,213,336
3977333714,2016-05-05,12312,8.5799999237060547,1618,14,88,178,680,1,318,480
3977333714,2016-05-06,11677,8.2799997329711914,1590,29,55,168,676,1,323,512
3977333714,2016-05-07,11550,7.7300000190734863,1574,0,86,208,703,1,237,443
3977333714,2016-05-08,13585,9.0900001525878906,1633,9,116,171,688,2,259,456
3977333714,2016-05-10,13072,8.7799997329711914,1630,1,115,196,676,1,312,452
4020332650,2016-04-12,8539,6.119999885559082,3654,4,15,331,712,1,501,541
4020332650,2016-04-16,1982,1.4199999570846558,3051,65,21,55,1222,1,77,77
4020332650,2016-05-03,4496,3.2200000286102295,2828,0,0,174,950,1,322,332
4020332650,2016-05-04,10252,7.3499999046325684,3879,13,46,346,531,1,478,536
4020332650,2016-05-05,11728,8.4300003051757813,3429,38,42,196,916,1,226,248
4020332650,2016-05-06,4369,3.130000114440918,2704,0,0,177,855,1,385,408
4020332650,2016-05-08,5862,4.1999998092651367,3089,0,0,263,775,1,364,402
4020332650,2016-05-10,5546,3.9800000190734863,2926,0,0,206,774,1,442,494
4319703577,2016-04-14,10210,6.880000114440918,2302,1,9,339,589,1,535,557
4319703577,2016-04-15,5664,3.7999999523162842,1985,0,0,228,752,1,465,491
4319703577,2016-04-16,4744,3.1800000667572021,1884,0,0,194,724,1,506,522
4319703577,2016-04-18,2276,1.5499999523162842,1632,1,9,58,824,1,515,551
4319703577,2016-04-19,8925,5.9899997711181641,2200,0,0,311,604,2,461,498
4319703577,2016-04-20,8954,6.0100002288818359,2220,0,18,306,671,1,523,543
4319703577,2016-04-21,3702,2.4800000190734863,1792,0,0,34,1265,1,59,65
4319703577,2016-04-22,4500,3.0199999809265137,1886,1,19,176,709,1,533,550
4319703577,2016-04-23,4935,3.309999942779541,1945,0,0,233,546,1,692,722
4319703577,2016-04-24,4081,2.7400000095367432,1880,1,5,191,692,1,467,501
4319703577,2016-04-25,9259,6.2100000381469727,2314,0,8,390,544,1,488,506
4319703577,2016-04-26,9899,6.6399998664855957,2236,8,21,288,649,1,505,516
4319703577,2016-04-27,10780,7.2300000190734863,2324,6,47,300,680,1,286,307
4319703577,2016-04-28,10817,7.2800002098083496,2367,13,8,359,552,1,497,522
4319703577,2016-04-29,7990,5.3600001335144043,2175,6,18,289,624,1,523,546
4319703577,2016-04-30,8221,5.5199999809265137,2092,6,38,196,695,1,490,516
4319703577,2016-05-01,1251,0.8399999737739563,1593,0,0,67,836,1,484,500
4319703577,2016-05-02,9261,6.2399997711181641,2270,0,11,344,585,1,478,506
4319703577,2016-05-03,9648,6.4699997901916504,2235,8,26,287,669,1,474,512
4319703577,2016-05-06,9524,6.4200000762939453,2266,6,11,314,692,1,450,491
4319703577,2016-05-07,7937,5.3299999237060547,2158,3,28,279,586,1,507,530
4319703577,2016-05-08,3672,2.4600000381469727,1792,0,0,153,603,1,602,638
4319703577,2016-05-09,10378,6.9600000381469727,2345,2,14,374,490,1,535,565
4319703577,2016-05-10,9487,6.369999885559082,2260,3,12,329,555,1,487,517
4319703577,2016-05-11,9129,6.130000114440918,2232,3,18,311,574,1,529,558
4319703577,2016-05-12,17,9.9999997764825821E-3,257,0,0,2,0,1,302,321
4388161847,2016-04-15,8758,6.7300000190734863,3066,0,0,299,837,1,499,526
4388161847,2016-04-16,6580,5.059999942779541,3073,6,9,253,609,2,426,448
4388161847,2016-04-17,4660,3.5799999237060547,2572,0,0,201,721,2,619,641
4388161847,2016-04-18,11009,9.1000003814697266,3274,27,8,239,1017,1,99,104
4388161847,2016-04-19,10181,7.8299999237060547,3015,20,16,249,704,1,329,338
4388161847,2016-04-20,10553,8.119999885559082,3083,19,42,228,696,1,421,451
4388161847,2016-04-21,10055,7.7300000190734863,3069,7,12,272,853,1,442,458
4388161847,2016-04-22,12139,9.3400001525878906,3544,77,25,220,945,1,82,85
4388161847,2016-04-23,13236,10.180000305175781,3306,58,5,215,749,1,478,501
4388161847,2016-04-24,10243,7.880000114440918,2885,14,8,239,584,3,552,595
4388161847,2016-04-26,9461,7.2800002098083496,2929,14,23,224,673,1,319,346
4388161847,2016-04-27,11193,8.6099996566772461,3074,11,48,241,684,1,439,500
4388161847,2016-04-28,10074,7.75,2969,19,9,234,878,1,428,458
4388161847,2016-04-30,12533,9.6400003433227539,3283,14,43,300,537,2,409,430
4388161847,2016-05-01,10255,7.8899998664855957,2926,12,15,241,579,1,547,597
4388161847,2016-05-02,10096,8.3999996185302734,3147,33,4,204,935,2,368,376
4388161847,2016-05-04,12375,9.5200004577636719,3162,35,21,251,632,1,390,414
4388161847,2016-05-05,9603,7.380000114440918,2899,12,39,199,896,1,471,495
4388161847,2016-05-07,22770,17.540000915527344,4022,120,56,260,508,1,472,496
4388161847,2016-05-08,17298,14.380000114440918,3934,107,38,178,576,2,529,541
4388161847,2016-05-09,10218,7.8600001335144043,3013,6,19,258,1020,1,62,65
4388161847,2016-05-10,10299,7.9200000762939453,3061,13,14,267,648,1,354,375
4388161847,2016-05-11,10201,7.8400001525878906,2954,8,18,256,858,1,469,494
4445114986,2016-04-12,3276,2.2000000476837158,2113,0,0,196,787,2,429,457
4445114986,2016-04-13,2961,1.9900000095367432,2095,0,0,194,840,2,370,406
4445114986,2016-04-14,3974,2.6700000762939453,2194,0,0,231,717,1,441,492
4445114986,2016-04-15,7198,4.8299999237060547,2496,0,0,350,711,2,337,379
4445114986,2016-04-16,3945,2.6500000953674316,2180,0,0,225,716,1,462,499
4445114986,2016-04-17,2268,1.5199999809265137,1933,0,0,114,1219,1,98,107
4445114986,2016-04-19,2064,1.3899999856948853,1954,0,0,121,895,2,388,424
4445114986,2016-04-20,2072,1.3899999856948853,1974,0,0,137,841,1,439,462
4445114986,2016-04-21,3809,2.559999942779541,2150,0,0,215,756,1,436,469
4445114986,2016-04-22,6831,4.5799999237060547,2432,0,0,317,706,1,388,417
4445114986,2016-04-25,3385,2.2699999809265137,2070,0,0,179,916,1,328,345
4445114986,2016-04-26,6326,4.4099998474121094,2291,29,1,180,839,2,353,391
4445114986,2016-04-27,7243,5.0300002098083496,2361,32,1,194,839,1,332,374
4445114986,2016-04-28,4493,3.0099999904632568,2203,0,0,236,762,1,419,442
4445114986,2016-04-29,4676,3.1400001049041748,2196,0,0,226,1106,1,106,108
4445114986,2016-04-30,6222,4.179999828338623,2363,0,0,290,797,1,322,353
4445114986,2016-05-01,5232,3.5099999904632568,2246,0,0,240,741,2,439,459
4445114986,2016-05-02,6910,4.75,2336,27,4,200,667,1,502,542
4445114986,2016-05-03,7502,5.179999828338623,2421,30,2,233,725,2,417,450
4445114986,2016-05-04,2923,1.9600000381469727,2070,0,0,180,897,2,337,363
4445114986,2016-05-05,3800,2.5499999523162842,2120,2,6,185,734,2,462,513
4445114986,2016-05-06,4514,3.0299999713897705,2211,0,0,229,809,2,374,402
4445114986,2016-05-07,5183,3.5899999141693115,2123,26,4,108,866,2,401,436
4445114986,2016-05-08,7303,4.9000000953674316,2423,0,8,308,733,1,361,391
4445114986,2016-05-09,5275,3.5399999618530273,2281,0,0,266,641,1,457,533
4445114986,2016-05-10,3915,2.630000114440918,2181,0,0,231,783,1,405,426
4445114986,2016-05-11,9105,6.1100001335144043,2499,34,22,232,622,1,499,530
4445114986,2016-05-12,768,0.51999998092651367,1212,0,0,58,380,1,483,501
4558609924,2016-04-21,13743,9.0799999237060547,2486,6,21,432,844,1,126,137
4558609924,2016-04-26,9148,6.0500001907348633,2223,12,41,283,1062,1,103,121
4558609924,2016-04-29,7833,5.179999828338623,1918,15,29,197,1096,1,171,179
4558609924,2016-05-01,3428,2.2699999809265137,1692,0,0,190,1121,1,115,129
4558609924,2016-05-08,6543,4.3299999237060547,2666,66,35,238,1019,1,123,134
4702921684,2016-04-12,7213,5.880000114440918,2947,0,0,263,718,1,425,439
4702921684,2016-04-13,6877,5.5799999237060547,2898,0,0,258,777,2,400,430
4702921684,2016-04-14,7860,6.369999885559082,2984,0,0,271,772,1,384,415
4702921684,2016-04-15,6506,5.2800002098083496,2896,1,8,256,944,1,253,257
4702921684,2016-04-16,11140,9.0299997329711914,3328,3,24,335,556,2,382,406
4702921684,2016-04-17,12692,10.289999961853027,3394,12,66,302,437,1,591,612
4702921684,2016-04-18,9105,7.380000114440918,3013,22,30,191,890,1,293,312
4702921684,2016-04-19,6708,5.440000057220459,2812,10,8,179,757,1,457,487
4702921684,2016-04-20,8793,7.130000114440918,3061,2,29,260,717,1,454,468
4702921684,2016-04-21,6530,5.3000001907348633,2729,4,41,144,901,1,425,434
4702921684,2016-04-23,15126,12.270000457763672,3691,9,66,408,469,1,465,475
4702921684,2016-04-24,15050,12.220000267028809,3538,15,95,281,542,1,480,506
4702921684,2016-04-25,9167,7.429999828338623,3064,6,15,270,730,1,370,380
4702921684,2016-04-26,6108,4.9499998092651367,2784,1,8,216,765,1,421,429
4702921684,2016-04-27,7047,5.7199997901916504,2908,1,16,238,733,1,432,449
4702921684,2016-04-28,9023,7.320000171661377,3033,14,9,232,738,1,442,461
4702921684,2016-04-29,9930,8.0500001907348633,3165,12,19,267,692,1,433,447
4702921684,2016-04-30,10144,8.2299995422363281,3115,4,36,263,728,1,479,501
4702921684,2016-05-03,9454,7.6700000762939453,3145,0,0,313,729,1,327,373
4702921684,2016-05-04,8161,6.619999885559082,3004,4,15,251,757,1,412,434
4702921684,2016-05-05,8614,6.9899997711181641,3006,8,5,241,745,1,414,428
4702921684,2016-05-06,6943,5.630000114440918,2859,1,16,207,682,1,404,449
4702921684,2016-05-07,14370,11.649999618530273,3683,5,46,439,577,1,520,543
4702921684,2016-05-09,8232,6.679999828338623,2990,0,12,253,746,1,435,458
4702921684,2016-05-10,10613,8.6099996566772461,3172,1,37,262,701,1,416,431
4702921684,2016-05-11,9810,7.9600000381469727,3069,10,41,235,784,1,354,366
4702921684,2016-05-12,2752,2.2300000190734863,1240,0,0,68,241,1,404,442
5553957443,2016-04-12,11596,7.570000171661377,2026,19,13,277,767,1,441,464
5553957443,2016-04-13,4832,3.1600000858306885,1718,0,0,226,647,2,455,488
5553957443,2016-04-14,17022,11.119999885559082,2324,61,41,256,693,1,357,418
5553957443,2016-04-15,16556,10.859999656677246,2254,58,38,239,689,1,377,409
5553957443,2016-04-16,5771,3.7699999809265137,1831,0,0,288,521,2,651,686
5553957443,2016-04-17,655,0.43000000715255737,1397,0,0,46,943,1,350,402
5553957443,2016-04-18,3727,2.4300000667572021,1683,0,0,206,622,2,520,541
5553957443,2016-04-19,15482,10.109999656677246,2284,69,28,249,756,1,357,410
5553957443,2016-04-20,2713,1.7699999809265137,1570,0,0,148,598,1,658,678
5553957443,2016-04-21,12346,8.0600004196166992,2066,47,42,177,801,1,399,431
5553957443,2016-04-22,11682,7.630000114440918,2105,25,16,270,781,1,322,353
5553957443,2016-04-23,4112,2.690000057220459,1776,0,0,272,443,2,631,725
5553957443,2016-04-24,1807,1.1799999475479126,1507,0,0,104,582,2,553,640
5553957443,2016-04-25,10946,7.190000057220459,2033,51,11,201,732,1,433,468
5553957443,2016-04-26,11886,7.7600002288818359,2093,40,18,238,750,1,412,453
5553957443,2016-04-27,10538,6.880000114440918,1922,16,16,206,745,1,347,391
5553957443,2016-04-28,11393,7.630000114440918,1999,49,13,165,727,1,421,457
5553957443,2016-04-29,12764,8.3299999237060547,2169,46,15,270,709,1,450,495
5553957443,2016-04-30,1202,0.77999997138977051,1463,0,0,84,506,2,775,843
5553957443,2016-05-01,5164,3.369999885559082,1747,0,0,237,436,2,622,686
5553957443,2016-05-02,9769,6.380000114440918,1996,23,9,227,724,1,409,471
5553957443,2016-05-03,12848,8.3900003433227539,2116,26,29,247,812,1,380,429
5553957443,2016-05-04,4249,2.7699999809265137,1698,0,0,224,651,1,447,470
5553957443,2016-05-05,14331,9.5100002288818359,2156,44,29,241,692,1,419,464
5553957443,2016-05-06,9632,6.2899999618530273,1916,21,9,229,761,1,400,434
5553957443,2016-05-07,1868,1.2200000286102295,1494,0,0,96,902,1,442,470
5553957443,2016-05-08,6083,4,1762,3,8,210,505,1,568,608
5553957443,2016-05-09,11611,7.5799999237060547,2272,59,22,251,667,1,453,494
5553957443,2016-05-10,16358,10.710000038146973,2335,61,40,265,707,1,418,443
5553957443,2016-05-11,4926,3.2200000286102295,1693,0,0,195,628,1,463,486
5553957443,2016-05-12,3121,2.0399999618530273,741,8,6,48,222,1,438,475
5577150313,2016-04-12,8135,6.0799999237060547,3405,86,16,140,728,1,419,438
5577150313,2016-04-13,5077,3.7899999618530273,2551,15,11,144,776,1,432,458
5577150313,2016-04-14,8596,6.4200000762939453,4022,118,30,176,662,1,477,497
5577150313,2016-04-15,12087,9.0799999237060547,4005,115,54,199,695,1,392,413
5577150313,2016-04-16,14269,10.659999847412109,4274,184,56,158,472,1,406,445
5577150313,2016-04-17,12231,9.1400003433227539,4552,200,37,159,525,1,549,583
5577150313,2016-04-18,9893,7.3899998664855957,3625,114,32,130,623,1,527,553
5577150313,2016-04-19,12574,9.4200000762939453,3501,108,23,111,733,1,449,465
5577150313,2016-04-20,8330,6.2199997901916504,3192,87,16,113,773,1,447,480
5577150313,2016-04-21,10830,8.0900001525878906,4018,110,74,175,670,1,414,437
5577150313,2016-04-22,9172,6.8499999046325684,3329,62,30,200,823,1,338,366
5577150313,2016-04-23,7638,5.7100000381469727,3152,24,24,223,627,1,384,402
5577150313,2016-04-24,15764,11.779999732971191,4392,210,65,141,425,1,543,615
5577150313,2016-04-25,6393,4.7800002098083496,3374,61,38,214,743,1,421,461
5577150313,2016-04-26,5325,3.9800000190734863,3088,38,32,181,759,1,354,377
5577150313,2016-04-27,6805,5.1399998664855957,3294,63,16,190,773,1,424,452
5577150313,2016-04-28,9841,7.429999828338623,3580,99,51,141,692,1,361,372
5577150313,2016-04-29,7924,5.9200000762939453,3544,97,36,165,739,1,459,485
5577150313,2016-04-30,12363,9.2399997711181641,4501,207,45,163,621,1,412,433
5577150313,2016-05-01,13368,9.9899997711181641,4546,194,72,178,499,1,379,398
5577150313,2016-05-02,7439,5.559999942779541,3014,37,20,235,732,2,525,553
5577150313,2016-05-03,11045,8.25,3795,97,8,212,580,1,508,543
5577150313,2016-05-04,5206,3.8900001049041748,2755,25,9,141,631,1,603,634
5577150313,2016-05-05,7550,5.6399998664855957,3004,45,21,143,1153,1,74,78
5577150313,2016-05-10,8869,6.6500000953674316,3841,104,37,194,639,1,504,562
5577150313,2016-05-11,4038,3.0399999618530273,1665,45,15,63,257,1,431,476
6117666160,2016-04-16,14450,10.909999847412109,2828,7,15,518,502,1,380,398
6117666160,2016-04-17,7150,5.4000000953674316,2225,0,0,312,702,2,336,350
6117666160,2016-04-18,5153,3.9100000858306885,2018,0,0,241,759,2,493,510
6117666160,2016-04-19,11135,8.4099998474121094,2606,0,0,480,425,1,465,492
6117666160,2016-04-20,10449,8.0200004577636719,2536,26,10,349,587,1,474,502
6117666160,2016-04-21,19542,15.010000228881836,4900,11,19,294,579,1,508,550
6117666160,2016-04-22,8206,6.1999998092651367,2409,0,0,402,413,1,480,546
6117666160,2016-04-23,11495,8.6800003051757813,2651,0,0,512,468,1,492,539
6117666160,2016-04-24,7623,5.7600002288818359,2305,0,0,362,711,1,353,367
6117666160,2016-04-27,9411,7.1100001335144043,2576,0,0,458,417,1,542,557
6117666160,2016-04-28,3403,2.5999999046325684,1879,0,0,141,758,1,393,416
6117666160,2016-04-29,9592,7.2399997711181641,2560,0,0,461,479,1,600,636
6117666160,2016-05-01,8915,6.7300000190734863,2361,0,0,397,525,1,507,575
6117666160,2016-05-05,9799,7.4000000953674316,2636,0,0,487,479,1,392,415
6117666160,2016-05-06,3365,2.6800000667572021,1838,0,0,133,673,2,658,698
6117666160,2016-05-07,7336,5.5399999618530273,2469,0,0,412,456,2,498,507
6117666160,2016-05-08,7328,5.5300002098083496,2250,0,0,318,517,1,555,603
6117666160,2016-05-09,4477,3.380000114440918,1248,0,0,197,125,1,492,522
6775888955,2016-04-13,4053,2.9100000858306885,2400,17,18,85,1053,1,235,260
6775888955,2016-04-14,5162,3.7000000476837158,2507,14,24,105,863,1,423,441
6775888955,2016-04-15,1282,0.92000001668930054,2127,0,0,58,976,1,391,406
6962181067,2016-04-12,10199,6.7399997711181641,1994,50,14,189,796,1,366,387
6962181067,2016-04-13,5652,3.7400000095367432,1718,8,24,142,548,3,630,679
6962181067,2016-04-14,1551,1.0299999713897705,1466,0,0,86,862,2,508,535
6962181067,2016-04-15,5563,3.6800000667572021,1756,0,0,217,837,1,370,386
6962181067,2016-04-16,13217,8.7399997711181641,2173,50,3,280,741,1,357,366
6962181067,2016-04-17,10145,6.7100000381469727,2027,5,13,295,634,1,427,446
6962181067,2016-04-18,11404,7.5399999618530273,2039,13,42,238,689,1,442,458
6962181067,2016-04-19,10742,7.0999999046325684,2046,35,41,195,659,1,476,535
6962181067,2016-04-20,13928,9.5500001907348633,2174,48,4,297,639,1,418,424
6962181067,2016-04-21,11835,9.7100000381469727,2179,53,27,214,708,1,451,457
6962181067,2016-04-22,10725,7.0900001525878906,2086,30,33,240,659,1,425,435
6962181067,2016-04-23,20031,13.239999771118164,2571,58,41,347,484,1,528,546
6962181067,2016-04-24,5029,3.3199999332427979,1705,0,0,199,720,1,511,514
6962181067,2016-04-25,13239,9.2700004577636719,2194,35,31,282,637,1,400,415
6962181067,2016-04-26,10433,6.9000000953674316,2012,36,7,254,680,1,441,446
6962181067,2016-04-27,10320,6.820000171661377,2034,7,38,279,697,1,455,467
6962181067,2016-04-28,12627,8.3500003814697266,2182,38,8,288,621,1,440,453
6962181067,2016-04-29,10762,7.1100001335144043,2254,12,15,369,645,1,433,447
6962181067,2016-04-30,10081,6.6599998474121094,2002,32,16,237,731,1,422,424
6962181067,2016-05-01,5454,3.6099998950958252,1740,0,0,215,722,1,411,426
6962181067,2016-05-02,12912,8.5399999618530273,2162,18,39,313,655,1,466,482
6962181067,2016-05-03,12109,8.119999885559082,2072,21,36,267,654,1,394,418
6962181067,2016-05-04,10147,6.7100000381469727,2086,15,36,284,683,1,442,455
6962181067,2016-05-05,10524,6.9600000381469727,2066,14,22,305,591,1,467,491
6962181067,2016-05-06,5908,3.9100000858306885,1850,0,0,299,717,1,443,462
6962181067,2016-05-07,6815,4.5,1947,0,0,328,745,1,298,334
6962181067,2016-05-08,4188,2.7699999809265137,1659,0,14,151,709,1,541,569
6962181067,2016-05-09,12342,8.7200002670288086,2105,43,21,231,607,1,489,497
6962181067,2016-05-10,15448,10.210000038146973,2361,62,34,275,626,1,469,481
6962181067,2016-05-11,6722,4.440000057220459,1855,24,7,199,709,1,452,480
6962181067,2016-05-12,3587,2.369999885559082,928,0,8,105,127,1,516,535
7007744171,2016-04-16,4631,3.0999999046325684,2076,0,0,203,1155,1,79,82
7007744171,2016-05-01,5600,3.75,2225,0,0,237,1142,1,58,61
7086361926,2016-04-12,11317,8.4099998474121094,2772,59,6,153,745,1,514,525
7086361926,2016-04-13,5813,3.619999885559082,2516,31,26,155,744,1,451,465
7086361926,2016-04-14,9123,6.119999885559082,2734,35,32,189,787,1,472,476
7086361926,2016-04-15,8585,5.6700000762939453,2395,30,21,139,864,1,377,386
7086361926,2016-04-19,10688,7.2899999618530273,2944,67,69,124,671,1,472,483
7086361926,2016-04-20,14365,10.640000343322754,2997,87,13,145,797,1,492,502
7086361926,2016-04-21,9469,6.179999828338623,2463,19,6,206,758,1,390,411
7086361926,2016-04-22,9753,6.5300002098083496,2846,58,59,153,762,1,428,448
7086361926,2016-04-24,3520,2.1600000858306885,2049,0,0,125,566,1,681,704
7086361926,2016-04-25,10091,6.820000171661377,2752,69,39,129,706,1,446,447
7086361926,2016-04-26,10387,7.070000171661377,2781,70,33,132,726,1,485,500
7086361926,2016-04-27,11107,8.3400001525878906,2693,55,6,145,829,1,469,479
7086361926,2016-04-28,11584,7.8000001907348633,2862,54,48,161,810,1,354,367
7086361926,2016-04-30,14560,9.4099998474121094,2995,42,17,308,584,1,485,489
7086361926,2016-05-01,12390,8.0699996948242188,2730,30,15,258,685,1,388,407
7086361926,2016-05-02,10052,6.809999942779541,2754,66,26,139,737,1,440,459
7086361926,2016-05-03,10288,6.7600002288818359,2754,57,36,152,761,1,456,461
7086361926,2016-05-04,10988,8.3100004196166992,2655,45,12,135,843,1,420,436
7086361926,2016-05-06,12461,8.380000114440918,2924,84,35,154,834,1,322,333
7086361926,2016-05-07,12827,8.4799995422363281,2739,20,42,209,621,1,530,548
7086361926,2016-05-08,10677,7.0999999046325684,2534,32,27,147,695,1,481,510
7086361926,2016-05-09,13566,9.1099996566772461,2960,67,50,171,743,1,427,438
7086361926,2016-05-11,9572,6.5199999809265137,2735,57,40,128,757,1,451,463
7086361926,2016-05-12,3789,2.559999942779541,1199,5,4,58,343,1,444,457
8053475328,2016-04-20,15108,12.189999580383301,3043,89,5,158,695,1,486,493
8053475328,2016-04-23,22359,17.190000534057617,3554,125,14,223,741,1,331,337
8053475328,2016-05-07,19769,15.670000076293945,3331,121,20,148,1076,1,74,75
8378563200,2016-04-12,7626,6.0500001907348633,3635,65,15,156,723,1,338,356
8378563200,2016-04-13,12386,9.8199996948242188,4079,116,14,169,680,2,447,487
8378563200,2016-04-14,13318,10.560000419616699,4163,123,21,174,699,1,424,455
8378563200,2016-04-15,14461,11.470000267028809,3666,60,23,190,729,1,513,533
8378563200,2016-04-16,11207,8.8900003433227539,3363,64,21,142,563,2,611,689
8378563200,2016-04-17,2132,1.690000057220459,2572,0,0,93,599,2,525,591
8378563200,2016-04-18,13630,10.810000419616699,4157,117,10,174,720,1,398,451
8378563200,2016-04-19,13070,10.359999656677246,4092,120,19,154,737,1,387,421
8378563200,2016-04-20,9388,7.440000057220459,3787,82,8,169,763,1,381,409
8378563200,2016-04-21,15148,12.010000228881836,4236,137,16,145,677,1,396,417
8378563200,2016-04-22,12200,9.6700000762939453,4044,113,12,159,769,1,441,469
8378563200,2016-04-23,5709,4.5300002098083496,2908,19,10,136,740,1,565,591
8378563200,2016-04-24,3703,2.940000057220459,2741,0,0,135,734,1,458,492
8378563200,2016-04-25,12405,9.8400001525878906,4005,117,16,141,692,1,388,402
8378563200,2016-04-26,16208,12.850000381469727,3763,90,18,161,593,1,550,584
8378563200,2016-04-27,7359,5.8400001525878906,3061,4,4,192,676,1,531,600
8378563200,2016-04-28,5417,4.3000001907348633,2884,11,10,139,711,1,506,556
8378563200,2016-04-29,6175,4.9000000953674316,2982,3,7,172,767,1,527,562
8378563200,2016-04-30,2946,2.3399999141693115,2660,0,0,121,780,1,468,555
8378563200,2016-05-01,11419,9.0600004196166992,3369,71,10,127,669,1,475,539
8378563200,2016-05-02,6064,4.809999942779541,3491,63,4,142,802,1,351,385
8378563200,2016-05-03,8712,6.9099998474121094,3784,71,20,195,822,1,405,429
8378563200,2016-05-04,7875,6.2399997711181641,3110,19,10,167,680,1,441,477
8378563200,2016-05-05,8567,6.7899999618530273,3783,66,3,214,764,1,381,417
8378563200,2016-05-06,7045,5.5900001525878906,3644,74,5,166,831,1,323,355
8378563200,2016-05-07,4468,3.5399999618530273,2799,0,0,158,851,2,459,513
8378563200,2016-05-08,2943,2.3299999237060547,2685,0,0,139,621,1,545,606
8378563200,2016-05-09,8382,6.6500000953674316,3721,71,13,171,772,1,359,399
8378563200,2016-05-10,6582,5.2199997901916504,3586,63,13,152,840,1,342,391
8378563200,2016-05-11,9143,7.25,3788,72,10,184,763,1,368,387
8378563200,2016-05-12,4561,3.619999885559082,1976,8,6,102,433,1,496,546
8792009665,2016-04-12,2564,1.6399999856948853,2044,0,0,116,831,1,458,493
8792009665,2016-04-13,1320,0.8399999737739563,1934,0,0,82,806,1,531,552
8792009665,2016-04-14,1219,0.77999997138977051,1963,0,0,84,853,1,486,503
8792009665,2016-04-15,2483,1.5900000333786011,2009,0,0,126,937,1,363,377
8792009665,2016-04-20,3147,2.0099999904632568,2188,0,10,139,744,1,528,547
8792009665,2016-04-22,4068,2.5999999046325684,2419,1,20,195,817,1,391,407
8792009665,2016-04-23,5245,3.3599998950958252,2748,8,45,232,795,1,339,360
8792009665,2016-04-27,1758,1.1299999952316284,2067,0,0,112,900,1,423,428
8792009665,2016-04-28,6157,3.940000057220459,2780,0,0,310,714,1,402,416
8792009665,2016-04-29,8360,5.3499999046325684,3101,6,14,380,634,1,398,406
8792009665,2016-04-30,7174,4.5900001525878906,2896,10,20,301,749,1,343,360
8792009665,2016-05-01,1619,1.0399999618530273,1962,0,0,79,834,1,503,527
8792009665,2016-05-02,1831,1.1699999570846558,2015,0,0,101,916,1,415,423
8792009665,2016-05-03,2421,1.5499999523162842,2297,0,0,156,739,1,516,545
8792009665,2016-05-04,2283,1.4600000381469727,2067,0,0,129,848,1,439,463
